action_id,event_type,description
"SYN-ACT-0001","SHIFT_CHANGED","OPEN synthetic action surfaced during shift Morning."
"SYN-ACT-0001","OWNER_ACKNOWLEDGED","Incoming owner acknowledged."
"SYN-ACT-0002","SHIFT_CHANGED","IN_PROGRESS synthetic action surfaced during shift Evening."
"SYN-ACT-0002","STATUS_NOTE","Synthetic follow-up documented."
"SYN-ACT-0003","SHIFT_CHANGED","BLOCKED synthetic action surfaced during shift Night."
"SYN-ACT-0003","STATUS_NOTE","Synthetic follow-up documented."
"SYN-ACT-0004","SHIFT_CHANGED","RESOLVED synthetic action surfaced during shift Morning."
"SYN-ACT-0004","STATUS_NOTE","Synthetic follow-up documented."
"SYN-ACT-0005","SHIFT_CHANGED","OVERDUE synthetic action surfaced during shift Evening."
"SYN-ACT-0005","OWNER_ACKNOWLEDGED","Incoming owner acknowledged."
"SYN-ACT-0006","SHIFT_CHANGED","ESCALATED synthetic action surfaced during shift Night."
"SYN-ACT-0006","STATUS_NOTE","Synthetic follow-up documented."
"SYN-ACT-0007","SHIFT_CHANGED","OPEN synthetic action surfaced during shift Morning."
"SYN-ACT-0007","STATUS_NOTE","Synthetic follow-up documented."
"SYN-ACT-0008","SHIFT_CHANGED","IN_PROGRESS synthetic action surfaced during shift Evening."
"SYN-ACT-0008","STATUS_NOTE","Synthetic follow-up documented."
"SYN-ACT-0009","SHIFT_CHANGED","BLOCKED synthetic action surfaced during shift Night."
"SYN-ACT-0009","OWNER_ACKNOWLEDGED","Incoming owner acknowledged."
"SYN-ACT-0010","SHIFT_CHANGED","RESOLVED synthetic action surfaced during shift Morning."
"SYN-ACT-0010","STATUS_NOTE","Synthetic follow-up documented."
"SYN-ACT-0011","SHIFT_CHANGED","OVERDUE synthetic action surfaced during shift Evening."
"SYN-ACT-0011","STATUS_NOTE","Synthetic follow-up documented."
"SYN-ACT-0012","SHIFT_CHANGED","ESCALATED synthetic action surfaced during shift Night."
"SYN-ACT-0012","STATUS_NOTE","Synthetic follow-up documented."
"SYN-ACT-0013","SHIFT_CHANGED","OPEN synthetic action surfaced during shift Morning."
"SYN-ACT-0013","OWNER_ACKNOWLEDGED","Incoming owner acknowledged."
"SYN-ACT-0014","SHIFT_CHANGED","IN_PROGRESS synthetic action surfaced during shift Evening."
"SYN-ACT-0014","STATUS_NOTE","Synthetic follow-up documented."
"SYN-ACT-0015","SHIFT_CHANGED","BLOCKED synthetic action surfaced during shift Night."
"SYN-ACT-0015","STATUS_NOTE","Synthetic follow-up documented."
"SYN-ACT-0016","SHIFT_CHANGED","RESOLVED synthetic action surfaced during shift Morning."
"SYN-ACT-0016","STATUS_NOTE","Synthetic follow-up documented."
"SYN-ACT-0017","SHIFT_CHANGED","OVERDUE synthetic action surfaced during shift Evening."
"SYN-ACT-0017","OWNER_ACKNOWLEDGED","Incoming owner acknowledged."
"SYN-ACT-0018","SHIFT_CHANGED","ESCALATED synthetic action surfaced during shift Night."
"SYN-ACT-0018","STATUS_NOTE","Synthetic follow-up documented."
"SYN-ACT-0019","SHIFT_CHANGED","OPEN synthetic action surfaced during shift Morning."
"SYN-ACT-0019","STATUS_NOTE","Synthetic follow-up documented."
"SYN-ACT-0020","SHIFT_CHANGED","IN_PROGRESS synthetic action surfaced during shift Evening."
"SYN-ACT-0020","STATUS_NOTE","Synthetic follow-up documented."
"SYN-ACT-0021","SHIFT_CHANGED","BLOCKED synthetic action surfaced during shift Night."
"SYN-ACT-0021","OWNER_ACKNOWLEDGED","Incoming owner acknowledged."
"SYN-ACT-0022","SHIFT_CHANGED","RESOLVED synthetic action surfaced during shift Morning."
"SYN-ACT-0022","STATUS_NOTE","Synthetic follow-up documented."
"SYN-ACT-0023","SHIFT_CHANGED","OVERDUE synthetic action surfaced during shift Evening."
"SYN-ACT-0023","STATUS_NOTE","Synthetic follow-up documented."
"SYN-ACT-0024","SHIFT_CHANGED","ESCALATED synthetic action surfaced during shift Night."
"SYN-ACT-0024","STATUS_NOTE","Synthetic follow-up documented."
"SYN-ACT-0025","SHIFT_CHANGED","OPEN synthetic action surfaced during shift Morning."
"SYN-ACT-0025","OWNER_ACKNOWLEDGED","Incoming owner acknowledged."
"SYN-ACT-0026","SHIFT_CHANGED","IN_PROGRESS synthetic action surfaced during shift Evening."
"SYN-ACT-0026","STATUS_NOTE","Synthetic follow-up documented."
"SYN-ACT-0027","SHIFT_CHANGED","BLOCKED synthetic action surfaced during shift Night."
"SYN-ACT-0027","STATUS_NOTE","Synthetic follow-up documented."
"SYN-ACT-0028","SHIFT_CHANGED","RESOLVED synthetic action surfaced during shift Morning."
"SYN-ACT-0028","STATUS_NOTE","Synthetic follow-up documented."
"SYN-ACT-0029","SHIFT_CHANGED","OVERDUE synthetic action surfaced during shift Evening."
"SYN-ACT-0029","OWNER_ACKNOWLEDGED","Incoming owner acknowledged."
"SYN-ACT-0030","SHIFT_CHANGED","ESCALATED synthetic action surfaced during shift Night."
"SYN-ACT-0030","STATUS_NOTE","Synthetic follow-up documented."
"SYN-ACT-0031","SHIFT_CHANGED","OPEN synthetic action surfaced during shift Morning."
"SYN-ACT-0031","STATUS_NOTE","Synthetic follow-up documented."
"SYN-ACT-0032","SHIFT_CHANGED","IN_PROGRESS synthetic action surfaced during shift Evening."
"SYN-ACT-0032","STATUS_NOTE","Synthetic follow-up documented."
"SYN-ACT-0033","SHIFT_CHANGED","BLOCKED synthetic action surfaced during shift Night."
"SYN-ACT-0033","OWNER_ACKNOWLEDGED","Incoming owner acknowledged."
"SYN-ACT-0034","SHIFT_CHANGED","RESOLVED synthetic action surfaced during shift Morning."
"SYN-ACT-0034","STATUS_NOTE","Synthetic follow-up documented."
"SYN-ACT-0035","SHIFT_CHANGED","OVERDUE synthetic action surfaced during shift Evening."
"SYN-ACT-0035","STATUS_NOTE","Synthetic follow-up documented."
"SYN-ACT-0036","SHIFT_CHANGED","ESCALATED synthetic action surfaced during shift Night."
"SYN-ACT-0036","STATUS_NOTE","Synthetic follow-up documented."
"SYN-ACT-0037","SHIFT_CHANGED","OPEN synthetic action surfaced during shift Morning."
"SYN-ACT-0037","OWNER_ACKNOWLEDGED","Incoming owner acknowledged."
"SYN-ACT-0038","SHIFT_CHANGED","IN_PROGRESS synthetic action surfaced during shift Evening."
"SYN-ACT-0038","STATUS_NOTE","Synthetic follow-up documented."
"SYN-ACT-0039","SHIFT_CHANGED","BLOCKED synthetic action surfaced during shift Night."
"SYN-ACT-0039","STATUS_NOTE","Synthetic follow-up documented."
"SYN-ACT-0040","SHIFT_CHANGED","RESOLVED synthetic action surfaced during shift Morning."
"SYN-ACT-0040","STATUS_NOTE","Synthetic follow-up documented."
"SYN-ACT-0041","SHIFT_CHANGED","OVERDUE synthetic action surfaced during shift Evening."
"SYN-ACT-0041","OWNER_ACKNOWLEDGED","Incoming owner acknowledged."
"SYN-ACT-0042","SHIFT_CHANGED","ESCALATED synthetic action surfaced during shift Night."
"SYN-ACT-0042","STATUS_NOTE","Synthetic follow-up documented."
"SYN-ACT-0043","SHIFT_CHANGED","OPEN synthetic action surfaced during shift Morning."
"SYN-ACT-0043","STATUS_NOTE","Synthetic follow-up documented."
"SYN-ACT-0044","SHIFT_CHANGED","IN_PROGRESS synthetic action surfaced during shift Evening."
"SYN-ACT-0044","STATUS_NOTE","Synthetic follow-up documented."
"SYN-ACT-0045","SHIFT_CHANGED","BLOCKED synthetic action surfaced during shift Night."
"SYN-ACT-0045","OWNER_ACKNOWLEDGED","Incoming owner acknowledged."
"SYN-ACT-0046","SHIFT_CHANGED","RESOLVED synthetic action surfaced during shift Morning."
"SYN-ACT-0046","STATUS_NOTE","Synthetic follow-up documented."
"SYN-ACT-0047","SHIFT_CHANGED","OVERDUE synthetic action surfaced during shift Evening."
"SYN-ACT-0047","STATUS_NOTE","Synthetic follow-up documented."
"SYN-ACT-0048","SHIFT_CHANGED","ESCALATED synthetic action surfaced during shift Night."
"SYN-ACT-0048","STATUS_NOTE","Synthetic follow-up documented."
"SYN-ACT-0049","SHIFT_CHANGED","OPEN synthetic action surfaced during shift Morning."
"SYN-ACT-0049","OWNER_ACKNOWLEDGED","Incoming owner acknowledged."
"SYN-ACT-0050","SHIFT_CHANGED","IN_PROGRESS synthetic action surfaced during shift Evening."
"SYN-ACT-0050","STATUS_NOTE","Synthetic follow-up documented."
"SYN-ACT-0051","SHIFT_CHANGED","BLOCKED synthetic action surfaced during shift Night."
"SYN-ACT-0051","STATUS_NOTE","Synthetic follow-up documented."
"SYN-ACT-0052","SHIFT_CHANGED","RESOLVED synthetic action surfaced during shift Morning."
"SYN-ACT-0052","STATUS_NOTE","Synthetic follow-up documented."
"SYN-ACT-0053","SHIFT_CHANGED","OVERDUE synthetic action surfaced during shift Evening."
"SYN-ACT-0053","OWNER_ACKNOWLEDGED","Incoming owner acknowledged."
"SYN-ACT-0054","SHIFT_CHANGED","ESCALATED synthetic action surfaced during shift Night."
"SYN-ACT-0054","STATUS_NOTE","Synthetic follow-up documented."
"SYN-ACT-0055","SHIFT_CHANGED","OPEN synthetic action surfaced during shift Morning."
"SYN-ACT-0055","STATUS_NOTE","Synthetic follow-up documented."
"SYN-ACT-0056","SHIFT_CHANGED","IN_PROGRESS synthetic action surfaced during shift Evening."
"SYN-ACT-0056","STATUS_NOTE","Synthetic follow-up documented."
"SYN-ACT-0057","SHIFT_CHANGED","BLOCKED synthetic action surfaced during shift Night."
"SYN-ACT-0057","OWNER_ACKNOWLEDGED","Incoming owner acknowledged."
"SYN-ACT-0058","SHIFT_CHANGED","RESOLVED synthetic action surfaced during shift Morning."
"SYN-ACT-0058","STATUS_NOTE","Synthetic follow-up documented."
"SYN-ACT-0059","SHIFT_CHANGED","OVERDUE synthetic action surfaced during shift Evening."
"SYN-ACT-0059","STATUS_NOTE","Synthetic follow-up documented."
"SYN-ACT-0060","SHIFT_CHANGED","ESCALATED synthetic action surfaced during shift Night."
"SYN-ACT-0060","STATUS_NOTE","Synthetic follow-up documented."
"SYN-ACT-0061","SHIFT_CHANGED","OPEN synthetic action surfaced during shift Morning."
"SYN-ACT-0061","OWNER_ACKNOWLEDGED","Incoming owner acknowledged."
"SYN-ACT-0062","SHIFT_CHANGED","IN_PROGRESS synthetic action surfaced during shift Evening."
"SYN-ACT-0062","STATUS_NOTE","Synthetic follow-up documented."
"SYN-ACT-0063","SHIFT_CHANGED","BLOCKED synthetic action surfaced during shift Night."
"SYN-ACT-0063","STATUS_NOTE","Synthetic follow-up documented."
"SYN-ACT-0064","SHIFT_CHANGED","RESOLVED synthetic action surfaced during shift Morning."
"SYN-ACT-0064","STATUS_NOTE","Synthetic follow-up documented."
"SYN-ACT-0065","SHIFT_CHANGED","OVERDUE synthetic action surfaced during shift Evening."
"SYN-ACT-0065","OWNER_ACKNOWLEDGED","Incoming owner acknowledged."
"SYN-ACT-0066","SHIFT_CHANGED","ESCALATED synthetic action surfaced during shift Night."
"SYN-ACT-0066","STATUS_NOTE","Synthetic follow-up documented."
"SYN-ACT-0067","SHIFT_CHANGED","OPEN synthetic action surfaced during shift Morning."
"SYN-ACT-0067","STATUS_NOTE","Synthetic follow-up documented."
"SYN-ACT-0068","SHIFT_CHANGED","IN_PROGRESS synthetic action surfaced during shift Evening."
"SYN-ACT-0068","STATUS_NOTE","Synthetic follow-up documented."
"SYN-ACT-0069","SHIFT_CHANGED","BLOCKED synthetic action surfaced during shift Night."
"SYN-ACT-0069","OWNER_ACKNOWLEDGED","Incoming owner acknowledged."
"SYN-ACT-0070","SHIFT_CHANGED","RESOLVED synthetic action surfaced during shift Morning."
"SYN-ACT-0070","STATUS_NOTE","Synthetic follow-up documented."
"SYN-ACT-0071","SHIFT_CHANGED","OVERDUE synthetic action surfaced during shift Evening."
"SYN-ACT-0071","STATUS_NOTE","Synthetic follow-up documented."
"SYN-ACT-0072","SHIFT_CHANGED","ESCALATED synthetic action surfaced during shift Night."
"SYN-ACT-0072","STATUS_NOTE","Synthetic follow-up documented."
"SYN-ACT-0073","SHIFT_CHANGED","OPEN synthetic action surfaced during shift Morning."
"SYN-ACT-0073","OWNER_ACKNOWLEDGED","Incoming owner acknowledged."
"SYN-ACT-0074","SHIFT_CHANGED","IN_PROGRESS synthetic action surfaced during shift Evening."
"SYN-ACT-0074","STATUS_NOTE","Synthetic follow-up documented."
"SYN-ACT-0075","SHIFT_CHANGED","BLOCKED synthetic action surfaced during shift Night."
"SYN-ACT-0075","STATUS_NOTE","Synthetic follow-up documented."
"SYN-ACT-0076","SHIFT_CHANGED","RESOLVED synthetic action surfaced during shift Morning."
"SYN-ACT-0076","STATUS_NOTE","Synthetic follow-up documented."
"SYN-ACT-0077","SHIFT_CHANGED","OVERDUE synthetic action surfaced during shift Evening."
"SYN-ACT-0077","OWNER_ACKNOWLEDGED","Incoming owner acknowledged."
"SYN-ACT-0078","SHIFT_CHANGED","ESCALATED synthetic action surfaced during shift Night."
"SYN-ACT-0078","STATUS_NOTE","Synthetic follow-up documented."
"SYN-ACT-0079","SHIFT_CHANGED","OPEN synthetic action surfaced during shift Morning."
"SYN-ACT-0079","STATUS_NOTE","Synthetic follow-up documented."
"SYN-ACT-0080","SHIFT_CHANGED","IN_PROGRESS synthetic action surfaced during shift Evening."
"SYN-ACT-0080","STATUS_NOTE","Synthetic follow-up documented."
"SYN-ACT-0081","SHIFT_CHANGED","BLOCKED synthetic action surfaced during shift Night."
"SYN-ACT-0081","OWNER_ACKNOWLEDGED","Incoming owner acknowledged."
"SYN-ACT-0082","SHIFT_CHANGED","RESOLVED synthetic action surfaced during shift Morning."
"SYN-ACT-0082","STATUS_NOTE","Synthetic follow-up documented."
"SYN-ACT-0083","SHIFT_CHANGED","OVERDUE synthetic action surfaced during shift Evening."
"SYN-ACT-0083","STATUS_NOTE","Synthetic follow-up documented."
"SYN-ACT-0084","SHIFT_CHANGED","ESCALATED synthetic action surfaced during shift Night."
"SYN-ACT-0084","STATUS_NOTE","Synthetic follow-up documented."
"SYN-ACT-0085","SHIFT_CHANGED","OPEN synthetic action surfaced during shift Morning."
"SYN-ACT-0085","OWNER_ACKNOWLEDGED","Incoming owner acknowledged."
"SYN-ACT-0086","SHIFT_CHANGED","IN_PROGRESS synthetic action surfaced during shift Evening."
"SYN-ACT-0086","STATUS_NOTE","Synthetic follow-up documented."
"SYN-ACT-0087","SHIFT_CHANGED","BLOCKED synthetic action surfaced during shift Night."
"SYN-ACT-0087","STATUS_NOTE","Synthetic follow-up documented."
"SYN-ACT-0088","SHIFT_CHANGED","RESOLVED synthetic action surfaced during shift Morning."
"SYN-ACT-0088","STATUS_NOTE","Synthetic follow-up documented."
"SYN-ACT-0089","SHIFT_CHANGED","OVERDUE synthetic action surfaced during shift Evening."
"SYN-ACT-0089","OWNER_ACKNOWLEDGED","Incoming owner acknowledged."
"SYN-ACT-0090","SHIFT_CHANGED","ESCALATED synthetic action surfaced during shift Night."
"SYN-ACT-0090","STATUS_NOTE","Synthetic follow-up documented."
"SYN-ACT-0091","SHIFT_CHANGED","OPEN synthetic action surfaced during shift Morning."
"SYN-ACT-0091","STATUS_NOTE","Synthetic follow-up documented."
"SYN-ACT-0092","SHIFT_CHANGED","IN_PROGRESS synthetic action surfaced during shift Evening."
"SYN-ACT-0092","STATUS_NOTE","Synthetic follow-up documented."
"SYN-ACT-0093","SHIFT_CHANGED","BLOCKED synthetic action surfaced during shift Night."
"SYN-ACT-0093","OWNER_ACKNOWLEDGED","Incoming owner acknowledged."
"SYN-ACT-0094","SHIFT_CHANGED","RESOLVED synthetic action surfaced during shift Morning."
"SYN-ACT-0094","STATUS_NOTE","Synthetic follow-up documented."
"SYN-ACT-0095","SHIFT_CHANGED","OVERDUE synthetic action surfaced during shift Evening."
"SYN-ACT-0095","STATUS_NOTE","Synthetic follow-up documented."
"SYN-ACT-0096","SHIFT_CHANGED","ESCALATED synthetic action surfaced during shift Night."
"SYN-ACT-0096","STATUS_NOTE","Synthetic follow-up documented."
"SYN-ACT-0097","SHIFT_CHANGED","OPEN synthetic action surfaced during shift Morning."
"SYN-ACT-0097","OWNER_ACKNOWLEDGED","Incoming owner acknowledged."
"SYN-ACT-0098","SHIFT_CHANGED","IN_PROGRESS synthetic action surfaced during shift Evening."
"SYN-ACT-0098","STATUS_NOTE","Synthetic follow-up documented."
"SYN-ACT-0099","SHIFT_CHANGED","BLOCKED synthetic action surfaced during shift Night."
"SYN-ACT-0099","STATUS_NOTE","Synthetic follow-up documented."
"SYN-ACT-0100","SHIFT_CHANGED","RESOLVED synthetic action surfaced during shift Morning."
"SYN-ACT-0100","STATUS_NOTE","Synthetic follow-up documented."
"SYN-ACT-0101","SHIFT_CHANGED","OVERDUE synthetic action surfaced during shift Evening."
"SYN-ACT-0101","OWNER_ACKNOWLEDGED","Incoming owner acknowledged."
"SYN-ACT-0102","SHIFT_CHANGED","ESCALATED synthetic action surfaced during shift Night."
"SYN-ACT-0102","STATUS_NOTE","Synthetic follow-up documented."
"SYN-ACT-0103","SHIFT_CHANGED","OPEN synthetic action surfaced during shift Morning."
"SYN-ACT-0103","STATUS_NOTE","Synthetic follow-up documented."
"SYN-ACT-0104","SHIFT_CHANGED","IN_PROGRESS synthetic action surfaced during shift Evening."
"SYN-ACT-0104","STATUS_NOTE","Synthetic follow-up documented."
"SYN-ACT-0105","SHIFT_CHANGED","BLOCKED synthetic action surfaced during shift Night."
"SYN-ACT-0105","OWNER_ACKNOWLEDGED","Incoming owner acknowledged."
"SYN-ACT-0106","SHIFT_CHANGED","RESOLVED synthetic action surfaced during shift Morning."
"SYN-ACT-0106","STATUS_NOTE","Synthetic follow-up documented."
"SYN-ACT-0107","SHIFT_CHANGED","OVERDUE synthetic action surfaced during shift Evening."
"SYN-ACT-0107","STATUS_NOTE","Synthetic follow-up documented."
"SYN-ACT-0108","SHIFT_CHANGED","ESCALATED synthetic action surfaced during shift Night."
"SYN-ACT-0108","STATUS_NOTE","Synthetic follow-up documented."
"SYN-ACT-0109","SHIFT_CHANGED","OPEN synthetic action surfaced during shift Morning."
"SYN-ACT-0109","OWNER_ACKNOWLEDGED","Incoming owner acknowledged."
"SYN-ACT-0110","SHIFT_CHANGED","IN_PROGRESS synthetic action surfaced during shift Evening."
"SYN-ACT-0110","STATUS_NOTE","Synthetic follow-up documented."
"SYN-ACT-0111","SHIFT_CHANGED","BLOCKED synthetic action surfaced during shift Night."
"SYN-ACT-0111","STATUS_NOTE","Synthetic follow-up documented."
"SYN-ACT-0112","SHIFT_CHANGED","RESOLVED synthetic action surfaced during shift Morning."
"SYN-ACT-0112","STATUS_NOTE","Synthetic follow-up documented."
"SYN-ACT-0113","SHIFT_CHANGED","OVERDUE synthetic action surfaced during shift Evening."
"SYN-ACT-0113","OWNER_ACKNOWLEDGED","Incoming owner acknowledged."
"SYN-ACT-0114","SHIFT_CHANGED","ESCALATED synthetic action surfaced during shift Night."
"SYN-ACT-0114","STATUS_NOTE","Synthetic follow-up documented."
"SYN-ACT-0115","SHIFT_CHANGED","OPEN synthetic action surfaced during shift Morning."
"SYN-ACT-0115","STATUS_NOTE","Synthetic follow-up documented."
"SYN-ACT-0116","SHIFT_CHANGED","IN_PROGRESS synthetic action surfaced during shift Evening."
"SYN-ACT-0116","STATUS_NOTE","Synthetic follow-up documented."
"SYN-ACT-0117","SHIFT_CHANGED","BLOCKED synthetic action surfaced during shift Night."
"SYN-ACT-0117","OWNER_ACKNOWLEDGED","Incoming owner acknowledged."
"SYN-ACT-0118","SHIFT_CHANGED","RESOLVED synthetic action surfaced during shift Morning."
"SYN-ACT-0118","STATUS_NOTE","Synthetic follow-up documented."
"SYN-ACT-0119","SHIFT_CHANGED","OVERDUE synthetic action surfaced during shift Evening."
"SYN-ACT-0119","STATUS_NOTE","Synthetic follow-up documented."
"SYN-ACT-0120","SHIFT_CHANGED","ESCALATED synthetic action surfaced during shift Night."
"SYN-ACT-0120","STATUS_NOTE","Synthetic follow-up documented."
"SYN-ACT-0121","SHIFT_CHANGED","OPEN synthetic action surfaced during shift Morning."
"SYN-ACT-0121","OWNER_ACKNOWLEDGED","Incoming owner acknowledged."
"SYN-ACT-0122","SHIFT_CHANGED","IN_PROGRESS synthetic action surfaced during shift Evening."
"SYN-ACT-0122","STATUS_NOTE","Synthetic follow-up documented."
"SYN-ACT-0123","SHIFT_CHANGED","BLOCKED synthetic action surfaced during shift Night."
"SYN-ACT-0123","STATUS_NOTE","Synthetic follow-up documented."
"SYN-ACT-0124","SHIFT_CHANGED","RESOLVED synthetic action surfaced during shift Morning."
"SYN-ACT-0124","STATUS_NOTE","Synthetic follow-up documented."
"SYN-ACT-0125","SHIFT_CHANGED","OVERDUE synthetic action surfaced during shift Evening."
"SYN-ACT-0125","OWNER_ACKNOWLEDGED","Incoming owner acknowledged."
"SYN-ACT-0126","SHIFT_CHANGED","ESCALATED synthetic action surfaced during shift Night."
"SYN-ACT-0126","STATUS_NOTE","Synthetic follow-up documented."
"SYN-ACT-0127","SHIFT_CHANGED","OPEN synthetic action surfaced during shift Morning."
"SYN-ACT-0127","STATUS_NOTE","Synthetic follow-up documented."
"SYN-ACT-0128","SHIFT_CHANGED","IN_PROGRESS synthetic action surfaced during shift Evening."
"SYN-ACT-0128","STATUS_NOTE","Synthetic follow-up documented."
"SYN-ACT-0129","SHIFT_CHANGED","BLOCKED synthetic action surfaced during shift Night."
"SYN-ACT-0129","OWNER_ACKNOWLEDGED","Incoming owner acknowledged."
"SYN-ACT-0130","SHIFT_CHANGED","RESOLVED synthetic action surfaced during shift Morning."
"SYN-ACT-0130","STATUS_NOTE","Synthetic follow-up documented."
"SYN-ACT-0131","SHIFT_CHANGED","OVERDUE synthetic action surfaced during shift Evening."
"SYN-ACT-0131","STATUS_NOTE","Synthetic follow-up documented."
"SYN-ACT-0132","SHIFT_CHANGED","ESCALATED synthetic action surfaced during shift Night."
"SYN-ACT-0132","STATUS_NOTE","Synthetic follow-up documented."
"SYN-ACT-0133","SHIFT_CHANGED","OPEN synthetic action surfaced during shift Morning."
"SYN-ACT-0133","OWNER_ACKNOWLEDGED","Incoming owner acknowledged."
"SYN-ACT-0134","SHIFT_CHANGED","IN_PROGRESS synthetic action surfaced during shift Evening."
"SYN-ACT-0134","STATUS_NOTE","Synthetic follow-up documented."
"SYN-ACT-0135","SHIFT_CHANGED","BLOCKED synthetic action surfaced during shift Night."
"SYN-ACT-0135","STATUS_NOTE","Synthetic follow-up documented."
"SYN-ACT-0136","SHIFT_CHANGED","RESOLVED synthetic action surfaced during shift Morning."
"SYN-ACT-0136","STATUS_NOTE","Synthetic follow-up documented."
"SYN-ACT-0137","SHIFT_CHANGED","OVERDUE synthetic action surfaced during shift Evening."
"SYN-ACT-0137","OWNER_ACKNOWLEDGED","Incoming owner acknowledged."
"SYN-ACT-0138","SHIFT_CHANGED","ESCALATED synthetic action surfaced during shift Night."
"SYN-ACT-0138","STATUS_NOTE","Synthetic follow-up documented."
"SYN-ACT-0139","SHIFT_CHANGED","OPEN synthetic action surfaced during shift Morning."
"SYN-ACT-0139","STATUS_NOTE","Synthetic follow-up documented."
"SYN-ACT-0140","SHIFT_CHANGED","IN_PROGRESS synthetic action surfaced during shift Evening."
"SYN-ACT-0140","STATUS_NOTE","Synthetic follow-up documented."
"SYN-ACT-0141","SHIFT_CHANGED","BLOCKED synthetic action surfaced during shift Night."
"SYN-ACT-0141","OWNER_ACKNOWLEDGED","Incoming owner acknowledged."
"SYN-ACT-0142","SHIFT_CHANGED","RESOLVED synthetic action surfaced during shift Morning."
"SYN-ACT-0142","STATUS_NOTE","Synthetic follow-up documented."
"SYN-ACT-0143","SHIFT_CHANGED","OVERDUE synthetic action surfaced during shift Evening."
"SYN-ACT-0143","STATUS_NOTE","Synthetic follow-up documented."
"SYN-ACT-0144","SHIFT_CHANGED","ESCALATED synthetic action surfaced during shift Night."
"SYN-ACT-0144","STATUS_NOTE","Synthetic follow-up documented."
"SYN-ACT-0145","SHIFT_CHANGED","OPEN synthetic action surfaced during shift Morning."
"SYN-ACT-0145","OWNER_ACKNOWLEDGED","Incoming owner acknowledged."
"SYN-ACT-0146","SHIFT_CHANGED","IN_PROGRESS synthetic action surfaced during shift Evening."
"SYN-ACT-0146","STATUS_NOTE","Synthetic follow-up documented."
"SYN-ACT-0147","SHIFT_CHANGED","BLOCKED synthetic action surfaced during shift Night."
"SYN-ACT-0147","STATUS_NOTE","Synthetic follow-up documented."
"SYN-ACT-0148","SHIFT_CHANGED","RESOLVED synthetic action surfaced during shift Morning."
"SYN-ACT-0148","STATUS_NOTE","Synthetic follow-up documented."
"SYN-ACT-0149","SHIFT_CHANGED","OVERDUE synthetic action surfaced during shift Evening."
"SYN-ACT-0149","OWNER_ACKNOWLEDGED","Incoming owner acknowledged."
"SYN-ACT-0150","SHIFT_CHANGED","ESCALATED synthetic action surfaced during shift Night."
"SYN-ACT-0150","STATUS_NOTE","Synthetic follow-up documented."
"SYN-ACT-0151","SHIFT_CHANGED","OPEN synthetic action surfaced during shift Morning."
"SYN-ACT-0151","STATUS_NOTE","Synthetic follow-up documented."
"SYN-ACT-0152","SHIFT_CHANGED","IN_PROGRESS synthetic action surfaced during shift Evening."
"SYN-ACT-0152","STATUS_NOTE","Synthetic follow-up documented."
"SYN-ACT-0153","SHIFT_CHANGED","BLOCKED synthetic action surfaced during shift Night."
"SYN-ACT-0153","OWNER_ACKNOWLEDGED","Incoming owner acknowledged."
"SYN-ACT-0154","SHIFT_CHANGED","RESOLVED synthetic action surfaced during shift Morning."
"SYN-ACT-0154","STATUS_NOTE","Synthetic follow-up documented."
"SYN-ACT-0155","SHIFT_CHANGED","OVERDUE synthetic action surfaced during shift Evening."
"SYN-ACT-0155","STATUS_NOTE","Synthetic follow-up documented."
"SYN-ACT-0156","SHIFT_CHANGED","ESCALATED synthetic action surfaced during shift Night."
"SYN-ACT-0156","STATUS_NOTE","Synthetic follow-up documented."
"SYN-ACT-0157","SHIFT_CHANGED","OPEN synthetic action surfaced during shift Morning."
"SYN-ACT-0157","OWNER_ACKNOWLEDGED","Incoming owner acknowledged."
"SYN-ACT-0158","SHIFT_CHANGED","IN_PROGRESS synthetic action surfaced during shift Evening."
"SYN-ACT-0158","STATUS_NOTE","Synthetic follow-up documented."
"SYN-ACT-0159","SHIFT_CHANGED","BLOCKED synthetic action surfaced during shift Night."
"SYN-ACT-0159","STATUS_NOTE","Synthetic follow-up documented."
"SYN-ACT-0160","SHIFT_CHANGED","RESOLVED synthetic action surfaced during shift Morning."
"SYN-ACT-0160","STATUS_NOTE","Synthetic follow-up documented."
