handover_id,patient_id,shift,note,ground_truth,action_id
"SYN-H-0001","SYN-0001","Morning","Patient SYN-0001 is scheduled. Follow up.","true","SYN-ACT-0001"
"SYN-H-0001","SYN-0002","Evening","Patient SYN-0002. Lab result pending.","true","SYN-ACT-0002"
"SYN-H-0002","SYN-0003","Night","Patient SYN-0003. Please follow up on the equipment.","true","SYN-ACT-0003"
"SYN-H-0002","SYN-0004","Morning","Patient SYN-0004. All checks documented complete.","false","SYN-ACT-0004"
"SYN-H-0003","SYN-0005","Evening","Patient SYN-0005 is ready for planned care.","true","SYN-ACT-0005"
"SYN-H-0003","SYN-0006","Night","Patient SYN-0006 is scheduled. Follow up.","true","SYN-ACT-0006"
"SYN-H-0004","SYN-0007","Morning","Patient SYN-0007. Please follow up on the equipment.","true","SYN-ACT-0007"
"SYN-H-0004","SYN-0008","Evening","Patient SYN-0008. Review incomplete. Owner Nurse deadline today 18:00.","true","SYN-ACT-0008"
"SYN-H-0005","SYN-0009","Night","Patient SYN-0009 is ready for planned care.","true","SYN-ACT-0009"
"SYN-H-0005","SYN-0010","Morning","Patient SYN-0010. All checks documented complete.","false","SYN-ACT-0010"
"SYN-H-0006","SYN-0011","Evening","Patient SYN-0011 is scheduled. Follow up.","true","SYN-ACT-0011"
"SYN-H-0006","SYN-0012","Night","Patient SYN-0012. Review incomplete.","true","SYN-ACT-0012"
"SYN-H-0007","SYN-0013","Morning","Patient SYN-0013 is ready for planned care.","true","SYN-ACT-0013"
"SYN-H-0007","SYN-0014","Evening","Patient SYN-0014. Lab result pending.","true","SYN-ACT-0014"
"SYN-H-0008","SYN-0015","Night","Patient SYN-0015. Please follow up on the equipment. Owner Nurse deadline today 18:00.","true","SYN-ACT-0015"
"SYN-H-0008","SYN-0016","Morning","Patient SYN-0016 is scheduled. Follow up.","false","SYN-ACT-0016"
"SYN-H-0009","SYN-0017","Evening","Patient SYN-0017 is ready for planned care.","true","SYN-ACT-0017"
"SYN-H-0009","SYN-0018","Night","Patient SYN-0018. Lab result pending.","true","SYN-ACT-0018"
"SYN-H-0010","SYN-0019","Morning","Patient SYN-0019. Please follow up on the equipment.","true","SYN-ACT-0019"
"SYN-H-0010","SYN-0020","Evening","Patient SYN-0020. Review incomplete.","true","SYN-ACT-0020"
"SYN-H-0011","SYN-0021","Night","Patient SYN-0021 is scheduled. Follow up.","true","SYN-ACT-0021"
"SYN-H-0011","SYN-0022","Morning","Patient SYN-0022. All checks documented complete. Owner Nurse deadline today 18:00.","false","SYN-ACT-0022"
"SYN-H-0012","SYN-0023","Evening","Patient SYN-0023. Please follow up on the equipment.","true","SYN-ACT-0023"
"SYN-H-0012","SYN-0024","Night","Patient SYN-0024. Review incomplete.","true","SYN-ACT-0024"
"SYN-H-0013","SYN-0025","Morning","Patient SYN-0025 is ready for planned care.","true","SYN-ACT-0025"
"SYN-H-0013","SYN-0026","Evening","Patient SYN-0026 is scheduled. Follow up.","true","SYN-ACT-0026"
"SYN-H-0014","SYN-0027","Night","Patient SYN-0027. Please follow up on the equipment.","true","SYN-ACT-0027"
"SYN-H-0014","SYN-0028","Morning","Patient SYN-0028. All checks documented complete.","false","SYN-ACT-0028"
"SYN-H-0015","SYN-0029","Evening","Patient SYN-0029 is ready for planned care.","true","SYN-ACT-0029"
"SYN-H-0015","SYN-0030","Night","Patient SYN-0030. Lab result pending.","true","SYN-ACT-0030"
"SYN-H-0016","SYN-0031","Morning","Patient SYN-0031 is scheduled. Follow up.","true","SYN-ACT-0031"
"SYN-H-0016","SYN-0032","Evening","Patient SYN-0032. Review incomplete.","true","SYN-ACT-0032"
"SYN-H-0017","SYN-0033","Night","Patient SYN-0033 is ready for planned care.","true","SYN-ACT-0033"
"SYN-H-0017","SYN-0034","Morning","Patient SYN-0034. All checks documented complete.","false","SYN-ACT-0034"
"SYN-H-0018","SYN-0035","Evening","Patient SYN-0035. Please follow up on the equipment.","true","SYN-ACT-0035"
"SYN-H-0018","SYN-0036","Night","Patient SYN-0036 is scheduled. Follow up.","true","SYN-ACT-0036"
"SYN-H-0019","SYN-0037","Morning","Patient SYN-0037 is ready for planned care.","true","SYN-ACT-0037"
"SYN-H-0019","SYN-0038","Evening","Patient SYN-0038. Lab result pending.","true","SYN-ACT-0038"
"SYN-H-0020","SYN-0039","Night","Patient SYN-0039. Please follow up on the equipment.","true","SYN-ACT-0039"
"SYN-H-0020","SYN-0040","Morning","Patient SYN-0040. All checks documented complete.","false","SYN-ACT-0040"
"SYN-H-0021","SYN-0041","Evening","Patient SYN-0041 is scheduled. Follow up.","true","SYN-ACT-0041"
"SYN-H-0021","SYN-0042","Night","Patient SYN-0042. Lab result pending.","true","SYN-ACT-0042"
"SYN-H-0022","SYN-0043","Morning","Patient SYN-0043. Please follow up on the equipment. Owner Nurse deadline today 18:00.","true","SYN-ACT-0043"
"SYN-H-0022","SYN-0044","Evening","Patient SYN-0044. Review incomplete.","true","SYN-ACT-0044"
"SYN-H-0023","SYN-0045","Night","Patient SYN-0045 is ready for planned care.","true","SYN-ACT-0045"
"SYN-H-0023","SYN-0046","Morning","Patient SYN-0046 is scheduled. Follow up.","false","SYN-ACT-0046"
"SYN-H-0024","SYN-0047","Evening","Patient SYN-0047. Please follow up on the equipment.","true","SYN-ACT-0047"
"SYN-H-0024","SYN-0048","Night","Patient SYN-0048. Review incomplete.","true","SYN-ACT-0048"
"SYN-H-0025","SYN-0049","Morning","Patient SYN-0049 is ready for planned care.","true","SYN-ACT-0049"
"SYN-H-0025","SYN-0050","Evening","Patient SYN-0050. Lab result pending. Owner Nurse deadline today 18:00.","true","SYN-ACT-0050"
"SYN-H-0026","SYN-0051","Night","Patient SYN-0051 is scheduled. Follow up.","true","SYN-ACT-0051"
"SYN-H-0026","SYN-0052","Morning","Patient SYN-0052. All checks documented complete.","false","SYN-ACT-0052"
"SYN-H-0027","SYN-0053","Evening","Patient SYN-0053 is ready for planned care.","true","SYN-ACT-0053"
"SYN-H-0027","SYN-0054","Night","Patient SYN-0054. Lab result pending.","true","SYN-ACT-0054"
"SYN-H-0028","SYN-0055","Morning","Patient SYN-0055. Please follow up on the equipment.","true","SYN-ACT-0055"
"SYN-H-0028","SYN-0056","Evening","Patient SYN-0056 is scheduled. Follow up.","true","SYN-ACT-0056"
"SYN-H-0029","SYN-0057","Night","Patient SYN-0057 is ready for planned care.","true","SYN-ACT-0057"
"SYN-H-0029","SYN-0058","Morning","Patient SYN-0058. All checks documented complete.","false","SYN-ACT-0058"
"SYN-H-0030","SYN-0059","Evening","Patient SYN-0059. Please follow up on the equipment.","true","SYN-ACT-0059"
"SYN-H-0030","SYN-0060","Night","Patient SYN-0060. Review incomplete.","true","SYN-ACT-0060"
"SYN-H-0031","SYN-0061","Morning","Patient SYN-0061 is scheduled. Follow up.","true","SYN-ACT-0061"
"SYN-H-0031","SYN-0062","Evening","Patient SYN-0062. Lab result pending.","true","SYN-ACT-0062"
"SYN-H-0032","SYN-0063","Night","Patient SYN-0063. Please follow up on the equipment.","true","SYN-ACT-0063"
"SYN-H-0032","SYN-0064","Morning","Patient SYN-0064. All checks documented complete. Owner Nurse deadline today 18:00.","false","SYN-ACT-0064"
"SYN-H-0033","SYN-0065","Evening","Patient SYN-0065 is ready for planned care.","true","SYN-ACT-0065"
"SYN-H-0033","SYN-0066","Night","Patient SYN-0066 is scheduled. Follow up.","true","SYN-ACT-0066"
"SYN-H-0034","SYN-0067","Morning","Patient SYN-0067. Please follow up on the equipment.","true","SYN-ACT-0067"
"SYN-H-0034","SYN-0068","Evening","Patient SYN-0068. Review incomplete.","true","SYN-ACT-0068"
"SYN-H-0035","SYN-0069","Night","Patient SYN-0069 is ready for planned care.","true","SYN-ACT-0069"
"SYN-H-0035","SYN-0070","Morning","Patient SYN-0070. All checks documented complete.","false","SYN-ACT-0070"
"SYN-H-0036","SYN-0071","Evening","Patient SYN-0071 is scheduled. Follow up.","true","SYN-ACT-0071"
"SYN-H-0036","SYN-0072","Night","Patient SYN-0072. Review incomplete.","true","SYN-ACT-0072"
"SYN-H-0037","SYN-0073","Morning","Patient SYN-0073 is ready for planned care.","true","SYN-ACT-0073"
"SYN-H-0037","SYN-0074","Evening","Patient SYN-0074. Lab result pending.","true","SYN-ACT-0074"
"SYN-H-0038","SYN-0075","Night","Patient SYN-0075. Please follow up on the equipment.","true","SYN-ACT-0075"
"SYN-H-0038","SYN-0076","Morning","Patient SYN-0076 is scheduled. Follow up.","false","SYN-ACT-0076"
"SYN-H-0039","SYN-0077","Evening","Patient SYN-0077 is ready for planned care.","true","SYN-ACT-0077"
"SYN-H-0039","SYN-0078","Night","Patient SYN-0078. Lab result pending. Owner Nurse deadline today 18:00.","true","SYN-ACT-0078"
"SYN-H-0040","SYN-0079","Morning","Patient SYN-0079. Please follow up on the equipment.","true","SYN-ACT-0079"
"SYN-H-0040","SYN-0080","Evening","Patient SYN-0080. Review incomplete.","true","SYN-ACT-0080"
"SYN-H-0041","SYN-0081","Night","Patient SYN-0081 is scheduled. Follow up.","true","SYN-ACT-0081"
"SYN-H-0041","SYN-0082","Morning","Patient SYN-0082. All checks documented complete.","false","SYN-ACT-0082"
"SYN-H-0042","SYN-0083","Evening","Patient SYN-0083. Please follow up on the equipment.","true","SYN-ACT-0083"
"SYN-H-0042","SYN-0084","Night","Patient SYN-0084. Review incomplete.","true","SYN-ACT-0084"
"SYN-H-0043","SYN-0085","Morning","Patient SYN-0085 is ready for planned care.","true","SYN-ACT-0085"
"SYN-H-0043","SYN-0086","Evening","Patient SYN-0086 is scheduled. Follow up.","true","SYN-ACT-0086"
"SYN-H-0044","SYN-0087","Night","Patient SYN-0087. Please follow up on the equipment.","true","SYN-ACT-0087"
"SYN-H-0044","SYN-0088","Morning","Patient SYN-0088. All checks documented complete.","false","SYN-ACT-0088"
"SYN-H-0045","SYN-0089","Evening","Patient SYN-0089 is ready for planned care.","true","SYN-ACT-0089"
"SYN-H-0045","SYN-0090","Night","Patient SYN-0090. Lab result pending.","true","SYN-ACT-0090"
"SYN-H-0046","SYN-0091","Morning","Patient SYN-0091 is scheduled. Follow up.","true","SYN-ACT-0091"
"SYN-H-0046","SYN-0092","Evening","Patient SYN-0092. Review incomplete. Owner Nurse deadline today 18:00.","true","SYN-ACT-0092"
"SYN-H-0047","SYN-0093","Night","Patient SYN-0093 is ready for planned care.","true","SYN-ACT-0093"
"SYN-H-0047","SYN-0094","Morning","Patient SYN-0094. All checks documented complete.","false","SYN-ACT-0094"
"SYN-H-0048","SYN-0095","Evening","Patient SYN-0095. Please follow up on the equipment.","true","SYN-ACT-0095"
"SYN-H-0048","SYN-0096","Night","Patient SYN-0096 is scheduled. Follow up.","true","SYN-ACT-0096"
"SYN-H-0049","SYN-0097","Morning","Patient SYN-0097 is ready for planned care.","true","SYN-ACT-0097"
"SYN-H-0049","SYN-0098","Evening","Patient SYN-0098. Lab result pending.","true","SYN-ACT-0098"
"SYN-H-0050","SYN-0099","Night","Patient SYN-0099. Please follow up on the equipment. Owner Nurse deadline today 18:00.","true","SYN-ACT-0099"
"SYN-H-0050","SYN-0100","Morning","Patient SYN-0100. All checks documented complete.","false","SYN-ACT-0100"
"SYN-H-0051","SYN-0001","Evening","Patient SYN-0001 is scheduled. Follow up.","true","SYN-ACT-0101"
"SYN-H-0051","SYN-0002","Night","Patient SYN-0002. Lab result pending.","true","SYN-ACT-0102"
"SYN-H-0052","SYN-0003","Morning","Patient SYN-0003. Please follow up on the equipment.","true","SYN-ACT-0103"
"SYN-H-0052","SYN-0004","Evening","Patient SYN-0004. Review incomplete.","true","SYN-ACT-0104"
"SYN-H-0053","SYN-0005","Night","Patient SYN-0005 is ready for planned care.","true","SYN-ACT-0105"
"SYN-H-0053","SYN-0006","Morning","Patient SYN-0006 is scheduled. Follow up.","false","SYN-ACT-0106"
"SYN-H-0054","SYN-0007","Evening","Patient SYN-0007. Please follow up on the equipment.","true","SYN-ACT-0107"
"SYN-H-0054","SYN-0008","Night","Patient SYN-0008. Review incomplete.","true","SYN-ACT-0108"
"SYN-H-0055","SYN-0009","Morning","Patient SYN-0009 is ready for planned care.","true","SYN-ACT-0109"
"SYN-H-0055","SYN-0010","Evening","Patient SYN-0010. Lab result pending.","true","SYN-ACT-0110"
"SYN-H-0056","SYN-0011","Night","Patient SYN-0011 is scheduled. Follow up.","true","SYN-ACT-0111"
"SYN-H-0056","SYN-0012","Morning","Patient SYN-0012. All checks documented complete.","false","SYN-ACT-0112"
"SYN-H-0057","SYN-0013","Evening","Patient SYN-0013 is ready for planned care.","true","SYN-ACT-0113"
"SYN-H-0057","SYN-0014","Night","Patient SYN-0014. Lab result pending.","true","SYN-ACT-0114"
"SYN-H-0058","SYN-0015","Morning","Patient SYN-0015. Please follow up on the equipment.","true","SYN-ACT-0115"
"SYN-H-0058","SYN-0016","Evening","Patient SYN-0016 is scheduled. Follow up.","true","SYN-ACT-0116"
"SYN-H-0059","SYN-0017","Night","Patient SYN-0017 is ready for planned care.","true","SYN-ACT-0117"
"SYN-H-0059","SYN-0018","Morning","Patient SYN-0018. All checks documented complete.","false","SYN-ACT-0118"
"SYN-H-0060","SYN-0019","Evening","Patient SYN-0019. Please follow up on the equipment.","true","SYN-ACT-0119"
"SYN-H-0060","SYN-0020","Night","Patient SYN-0020. Review incomplete. Owner Nurse deadline today 18:00.","true","SYN-ACT-0120"
"SYN-H-0061","SYN-0021","Morning","Patient SYN-0021 is scheduled. Follow up.","true","SYN-ACT-0121"
"SYN-H-0061","SYN-0022","Evening","Patient SYN-0022. Lab result pending.","true","SYN-ACT-0122"
"SYN-H-0062","SYN-0023","Night","Patient SYN-0023. Please follow up on the equipment.","true","SYN-ACT-0123"
"SYN-H-0062","SYN-0024","Morning","Patient SYN-0024. All checks documented complete.","false","SYN-ACT-0124"
"SYN-H-0063","SYN-0025","Evening","Patient SYN-0025 is ready for planned care.","true","SYN-ACT-0125"
"SYN-H-0063","SYN-0026","Night","Patient SYN-0026 is scheduled. Follow up.","true","SYN-ACT-0126"
"SYN-H-0064","SYN-0027","Morning","Patient SYN-0027. Please follow up on the equipment. Owner Nurse deadline today 18:00.","true","SYN-ACT-0127"
"SYN-H-0064","SYN-0028","Evening","Patient SYN-0028. Review incomplete.","true","SYN-ACT-0128"
"SYN-H-0065","SYN-0029","Night","Patient SYN-0029 is ready for planned care.","true","SYN-ACT-0129"
"SYN-H-0065","SYN-0030","Morning","Patient SYN-0030. All checks documented complete.","false","SYN-ACT-0130"
"SYN-H-0066","SYN-0031","Evening","Patient SYN-0031 is scheduled. Follow up.","true","SYN-ACT-0131"
"SYN-H-0066","SYN-0032","Night","Patient SYN-0032. Review incomplete.","true","SYN-ACT-0132"
"SYN-H-0067","SYN-0033","Morning","Patient SYN-0033 is ready for planned care.","true","SYN-ACT-0133"
"SYN-H-0067","SYN-0034","Evening","Patient SYN-0034. Lab result pending. Owner Nurse deadline today 18:00.","true","SYN-ACT-0134"
"SYN-H-0068","SYN-0035","Night","Patient SYN-0035. Please follow up on the equipment.","true","SYN-ACT-0135"
"SYN-H-0068","SYN-0036","Morning","Patient SYN-0036 is scheduled. Follow up.","false","SYN-ACT-0136"
"SYN-H-0069","SYN-0037","Evening","Patient SYN-0037 is ready for planned care.","true","SYN-ACT-0137"
"SYN-H-0069","SYN-0038","Night","Patient SYN-0038. Lab result pending.","true","SYN-ACT-0138"
"SYN-H-0070","SYN-0039","Morning","Patient SYN-0039. Please follow up on the equipment.","true","SYN-ACT-0139"
"SYN-H-0070","SYN-0040","Evening","Patient SYN-0040. Review incomplete.","true","SYN-ACT-0140"
"SYN-H-0071","SYN-0041","Night","Patient SYN-0041 is scheduled. Follow up.","true","SYN-ACT-0141"
"SYN-H-0071","SYN-0042","Morning","Patient SYN-0042. All checks documented complete.","false","SYN-ACT-0142"
"SYN-H-0072","SYN-0043","Evening","Patient SYN-0043. Please follow up on the equipment.","true","SYN-ACT-0143"
"SYN-H-0072","SYN-0044","Night","Patient SYN-0044. Review incomplete.","true","SYN-ACT-0144"
"SYN-H-0073","SYN-0045","Morning","Patient SYN-0045 is ready for planned care.","true","SYN-ACT-0145"
"SYN-H-0073","SYN-0046","Evening","Patient SYN-0046 is scheduled. Follow up.","true","SYN-ACT-0146"
"SYN-H-0074","SYN-0047","Night","Patient SYN-0047. Please follow up on the equipment.","true","SYN-ACT-0147"
"SYN-H-0074","SYN-0048","Morning","Patient SYN-0048. All checks documented complete. Owner Nurse deadline today 18:00.","false","SYN-ACT-0148"
"SYN-H-0075","SYN-0049","Evening","Patient SYN-0049 is ready for planned care.","true","SYN-ACT-0149"
"SYN-H-0075","SYN-0050","Night","Patient SYN-0050. Lab result pending.","true","SYN-ACT-0150"
"SYN-H-0076","SYN-0051","Morning","Patient SYN-0051 is scheduled. Follow up.","true","SYN-ACT-0151"
"SYN-H-0076","SYN-0052","Evening","Patient SYN-0052. Review incomplete.","true","SYN-ACT-0152"
"SYN-H-0077","SYN-0053","Night","Patient SYN-0053 is ready for planned care.","true","SYN-ACT-0153"
"SYN-H-0077","SYN-0054","Morning","Patient SYN-0054. All checks documented complete.","false","SYN-ACT-0154"
"SYN-H-0078","SYN-0055","Evening","Patient SYN-0055. Please follow up on the equipment. Owner Nurse deadline today 18:00.","true","SYN-ACT-0155"
"SYN-H-0078","SYN-0056","Night","Patient SYN-0056 is scheduled. Follow up.","true","SYN-ACT-0156"
"SYN-H-0079","SYN-0057","Morning","Patient SYN-0057 is ready for planned care.","true","SYN-ACT-0157"
"SYN-H-0079","SYN-0058","Evening","Patient SYN-0058. Lab result pending.","true","SYN-ACT-0158"
"SYN-H-0080","SYN-0059","Night","Patient SYN-0059. Please follow up on the equipment.","true","SYN-ACT-0159"
"SYN-H-0080","SYN-0060","Morning","Patient SYN-0060. All checks documented complete.","false","SYN-ACT-0160"
