id,patient,shift,status,should_be_detected,owner,deadline,risk
"SYN-ACT-0001","SYN-0001","Morning","OPEN","true","","","LOW"
"SYN-ACT-0002","SYN-0002","Evening","IN_PROGRESS","true","Synthetic Owner 2","2026-09-27T00:00:00.000Z","MEDIUM"
"SYN-ACT-0003","SYN-0003","Night","BLOCKED","true","Synthetic Owner 3","2026-09-28T00:00:00.000Z","HIGH"
"SYN-ACT-0004","SYN-0004","Morning","RESOLVED","false","Synthetic Owner 4","2026-09-29T00:00:00.000Z","CRITICAL"
"SYN-ACT-0005","SYN-0005","Evening","OVERDUE","true","Synthetic Owner 1","2026-09-30T00:00:00.000Z","LOW"
"SYN-ACT-0006","SYN-0006","Night","ESCALATED","true","Synthetic Owner 2","2026-10-01T00:00:00.000Z","MEDIUM"
"SYN-ACT-0007","SYN-0007","Morning","OPEN","true","Synthetic Owner 3","2026-10-02T00:00:00.000Z","HIGH"
"SYN-ACT-0008","SYN-0008","Evening","IN_PROGRESS","true","Synthetic Owner 4","2026-09-26T00:00:00.000Z","CRITICAL"
"SYN-ACT-0009","SYN-0009","Night","BLOCKED","true","Synthetic Owner 1","2026-09-27T00:00:00.000Z","LOW"
"SYN-ACT-0010","SYN-0010","Morning","RESOLVED","false","Synthetic Owner 2","2026-09-28T00:00:00.000Z","MEDIUM"
"SYN-ACT-0011","SYN-0011","Evening","OVERDUE","true","Synthetic Owner 3","2026-09-29T00:00:00.000Z","HIGH"
"SYN-ACT-0012","SYN-0012","Night","ESCALATED","true","","2026-09-30T00:00:00.000Z","CRITICAL"
"SYN-ACT-0013","SYN-0013","Morning","OPEN","true","Synthetic Owner 1","2026-10-01T00:00:00.000Z","LOW"
"SYN-ACT-0014","SYN-0014","Evening","IN_PROGRESS","true","Synthetic Owner 2","","MEDIUM"
"SYN-ACT-0015","SYN-0015","Night","BLOCKED","true","Synthetic Owner 3","2026-09-26T00:00:00.000Z","HIGH"
"SYN-ACT-0016","SYN-0016","Morning","RESOLVED","false","Synthetic Owner 4","2026-09-27T00:00:00.000Z","CRITICAL"
"SYN-ACT-0017","SYN-0017","Evening","OVERDUE","true","Synthetic Owner 1","2026-09-28T00:00:00.000Z","LOW"
"SYN-ACT-0018","SYN-0018","Night","ESCALATED","true","Synthetic Owner 2","2026-09-29T00:00:00.000Z","MEDIUM"
"SYN-ACT-0019","SYN-0019","Morning","OPEN","true","Synthetic Owner 3","2026-09-30T00:00:00.000Z","HIGH"
"SYN-ACT-0020","SYN-0020","Evening","IN_PROGRESS","true","Synthetic Owner 4","2026-10-01T00:00:00.000Z","CRITICAL"
"SYN-ACT-0021","SYN-0021","Night","BLOCKED","true","Synthetic Owner 1","2026-10-02T00:00:00.000Z","LOW"
"SYN-ACT-0022","SYN-0022","Morning","RESOLVED","false","Synthetic Owner 2","2026-09-26T00:00:00.000Z","MEDIUM"
"SYN-ACT-0023","SYN-0023","Evening","OVERDUE","true","","2026-09-27T00:00:00.000Z","HIGH"
"SYN-ACT-0024","SYN-0024","Night","ESCALATED","true","Synthetic Owner 4","2026-09-28T00:00:00.000Z","CRITICAL"
"SYN-ACT-0025","SYN-0025","Morning","OPEN","true","Synthetic Owner 1","2026-09-29T00:00:00.000Z","LOW"
"SYN-ACT-0026","SYN-0026","Evening","IN_PROGRESS","true","Synthetic Owner 2","2026-09-30T00:00:00.000Z","MEDIUM"
"SYN-ACT-0027","SYN-0027","Night","BLOCKED","true","Synthetic Owner 3","","HIGH"
"SYN-ACT-0028","SYN-0028","Morning","RESOLVED","false","Synthetic Owner 4","2026-10-02T00:00:00.000Z","CRITICAL"
"SYN-ACT-0029","SYN-0029","Evening","OVERDUE","true","Synthetic Owner 1","2026-09-26T00:00:00.000Z","LOW"
"SYN-ACT-0030","SYN-0030","Night","ESCALATED","true","Synthetic Owner 2","2026-09-27T00:00:00.000Z","MEDIUM"
"SYN-ACT-0031","SYN-0031","Morning","OPEN","true","Synthetic Owner 3","2026-09-28T00:00:00.000Z","HIGH"
"SYN-ACT-0032","SYN-0032","Evening","IN_PROGRESS","true","Synthetic Owner 4","2026-09-29T00:00:00.000Z","CRITICAL"
"SYN-ACT-0033","SYN-0033","Night","BLOCKED","true","Synthetic Owner 1","2026-09-30T00:00:00.000Z","LOW"
"SYN-ACT-0034","SYN-0034","Morning","RESOLVED","false","","2026-10-01T00:00:00.000Z","MEDIUM"
"SYN-ACT-0035","SYN-0035","Evening","OVERDUE","true","Synthetic Owner 3","2026-10-02T00:00:00.000Z","HIGH"
"SYN-ACT-0036","SYN-0036","Night","ESCALATED","true","Synthetic Owner 4","2026-09-26T00:00:00.000Z","CRITICAL"
"SYN-ACT-0037","SYN-0037","Morning","OPEN","true","Synthetic Owner 1","2026-09-27T00:00:00.000Z","LOW"
"SYN-ACT-0038","SYN-0038","Evening","IN_PROGRESS","true","Synthetic Owner 2","2026-09-28T00:00:00.000Z","MEDIUM"
"SYN-ACT-0039","SYN-0039","Night","BLOCKED","true","Synthetic Owner 3","2026-09-29T00:00:00.000Z","HIGH"
"SYN-ACT-0040","SYN-0040","Morning","RESOLVED","false","Synthetic Owner 4","","CRITICAL"
"SYN-ACT-0041","SYN-0041","Evening","OVERDUE","true","Synthetic Owner 1","2026-10-01T00:00:00.000Z","LOW"
"SYN-ACT-0042","SYN-0042","Night","ESCALATED","true","Synthetic Owner 2","2026-10-02T00:00:00.000Z","MEDIUM"
"SYN-ACT-0043","SYN-0043","Morning","OPEN","true","Synthetic Owner 3","2026-09-26T00:00:00.000Z","HIGH"
"SYN-ACT-0044","SYN-0044","Evening","IN_PROGRESS","true","Synthetic Owner 4","2026-09-27T00:00:00.000Z","CRITICAL"
"SYN-ACT-0045","SYN-0045","Night","BLOCKED","true","","2026-09-28T00:00:00.000Z","LOW"
"SYN-ACT-0046","SYN-0046","Morning","RESOLVED","false","Synthetic Owner 2","2026-09-29T00:00:00.000Z","MEDIUM"
"SYN-ACT-0047","SYN-0047","Evening","OVERDUE","true","Synthetic Owner 3","2026-09-30T00:00:00.000Z","HIGH"
"SYN-ACT-0048","SYN-0048","Night","ESCALATED","true","Synthetic Owner 4","2026-10-01T00:00:00.000Z","CRITICAL"
"SYN-ACT-0049","SYN-0049","Morning","OPEN","true","Synthetic Owner 1","2026-10-02T00:00:00.000Z","LOW"
"SYN-ACT-0050","SYN-0050","Evening","IN_PROGRESS","true","Synthetic Owner 2","2026-09-26T00:00:00.000Z","MEDIUM"
"SYN-ACT-0051","SYN-0051","Night","BLOCKED","true","Synthetic Owner 3","2026-09-27T00:00:00.000Z","HIGH"
"SYN-ACT-0052","SYN-0052","Morning","RESOLVED","false","Synthetic Owner 4","2026-09-28T00:00:00.000Z","CRITICAL"
"SYN-ACT-0053","SYN-0053","Evening","OVERDUE","true","Synthetic Owner 1","","LOW"
"SYN-ACT-0054","SYN-0054","Night","ESCALATED","true","Synthetic Owner 2","2026-09-30T00:00:00.000Z","MEDIUM"
"SYN-ACT-0055","SYN-0055","Morning","OPEN","true","Synthetic Owner 3","2026-10-01T00:00:00.000Z","HIGH"
"SYN-ACT-0056","SYN-0056","Evening","IN_PROGRESS","true","","2026-10-02T00:00:00.000Z","CRITICAL"
"SYN-ACT-0057","SYN-0057","Night","BLOCKED","true","Synthetic Owner 1","2026-09-26T00:00:00.000Z","LOW"
"SYN-ACT-0058","SYN-0058","Morning","RESOLVED","false","Synthetic Owner 2","2026-09-27T00:00:00.000Z","MEDIUM"
"SYN-ACT-0059","SYN-0059","Evening","OVERDUE","true","Synthetic Owner 3","2026-09-28T00:00:00.000Z","HIGH"
"SYN-ACT-0060","SYN-0060","Night","ESCALATED","true","Synthetic Owner 4","2026-09-29T00:00:00.000Z","CRITICAL"
"SYN-ACT-0061","SYN-0061","Morning","OPEN","true","Synthetic Owner 1","2026-09-30T00:00:00.000Z","LOW"
"SYN-ACT-0062","SYN-0062","Evening","IN_PROGRESS","true","Synthetic Owner 2","2026-10-01T00:00:00.000Z","MEDIUM"
"SYN-ACT-0063","SYN-0063","Night","BLOCKED","true","Synthetic Owner 3","2026-10-02T00:00:00.000Z","HIGH"
"SYN-ACT-0064","SYN-0064","Morning","RESOLVED","false","Synthetic Owner 4","2026-09-26T00:00:00.000Z","CRITICAL"
"SYN-ACT-0065","SYN-0065","Evening","OVERDUE","true","Synthetic Owner 1","2026-09-27T00:00:00.000Z","LOW"
"SYN-ACT-0066","SYN-0066","Night","ESCALATED","true","Synthetic Owner 2","","MEDIUM"
"SYN-ACT-0067","SYN-0067","Morning","OPEN","true","","2026-09-29T00:00:00.000Z","HIGH"
"SYN-ACT-0068","SYN-0068","Evening","IN_PROGRESS","true","Synthetic Owner 4","2026-09-30T00:00:00.000Z","CRITICAL"
"SYN-ACT-0069","SYN-0069","Night","BLOCKED","true","Synthetic Owner 1","2026-10-01T00:00:00.000Z","LOW"
"SYN-ACT-0070","SYN-0070","Morning","RESOLVED","false","Synthetic Owner 2","2026-10-02T00:00:00.000Z","MEDIUM"
"SYN-ACT-0071","SYN-0071","Evening","OVERDUE","true","Synthetic Owner 3","2026-09-26T00:00:00.000Z","HIGH"
"SYN-ACT-0072","SYN-0072","Night","ESCALATED","true","Synthetic Owner 4","2026-09-27T00:00:00.000Z","CRITICAL"
"SYN-ACT-0073","SYN-0073","Morning","OPEN","true","Synthetic Owner 1","2026-09-28T00:00:00.000Z","LOW"
"SYN-ACT-0074","SYN-0074","Evening","IN_PROGRESS","true","Synthetic Owner 2","2026-09-29T00:00:00.000Z","MEDIUM"
"SYN-ACT-0075","SYN-0075","Night","BLOCKED","true","Synthetic Owner 3","2026-09-30T00:00:00.000Z","HIGH"
"SYN-ACT-0076","SYN-0076","Morning","RESOLVED","false","Synthetic Owner 4","2026-10-01T00:00:00.000Z","CRITICAL"
"SYN-ACT-0077","SYN-0077","Evening","OVERDUE","true","Synthetic Owner 1","2026-10-02T00:00:00.000Z","LOW"
"SYN-ACT-0078","SYN-0078","Night","ESCALATED","true","","2026-09-26T00:00:00.000Z","MEDIUM"
"SYN-ACT-0079","SYN-0079","Morning","OPEN","true","Synthetic Owner 3","","HIGH"
"SYN-ACT-0080","SYN-0080","Evening","IN_PROGRESS","true","Synthetic Owner 4","2026-09-28T00:00:00.000Z","CRITICAL"
"SYN-ACT-0081","SYN-0081","Night","BLOCKED","true","Synthetic Owner 1","2026-09-29T00:00:00.000Z","LOW"
"SYN-ACT-0082","SYN-0082","Morning","RESOLVED","false","Synthetic Owner 2","2026-09-30T00:00:00.000Z","MEDIUM"
"SYN-ACT-0083","SYN-0083","Evening","OVERDUE","true","Synthetic Owner 3","2026-10-01T00:00:00.000Z","HIGH"
"SYN-ACT-0084","SYN-0084","Night","ESCALATED","true","Synthetic Owner 4","2026-10-02T00:00:00.000Z","CRITICAL"
"SYN-ACT-0085","SYN-0085","Morning","OPEN","true","Synthetic Owner 1","2026-09-26T00:00:00.000Z","LOW"
"SYN-ACT-0086","SYN-0086","Evening","IN_PROGRESS","true","Synthetic Owner 2","2026-09-27T00:00:00.000Z","MEDIUM"
"SYN-ACT-0087","SYN-0087","Night","BLOCKED","true","Synthetic Owner 3","2026-09-28T00:00:00.000Z","HIGH"
"SYN-ACT-0088","SYN-0088","Morning","RESOLVED","false","Synthetic Owner 4","2026-09-29T00:00:00.000Z","CRITICAL"
"SYN-ACT-0089","SYN-0089","Evening","OVERDUE","true","","2026-09-30T00:00:00.000Z","LOW"
"SYN-ACT-0090","SYN-0090","Night","ESCALATED","true","Synthetic Owner 2","2026-10-01T00:00:00.000Z","MEDIUM"
"SYN-ACT-0091","SYN-0091","Morning","OPEN","true","Synthetic Owner 3","2026-10-02T00:00:00.000Z","HIGH"
"SYN-ACT-0092","SYN-0092","Evening","IN_PROGRESS","true","Synthetic Owner 4","","CRITICAL"
"SYN-ACT-0093","SYN-0093","Night","BLOCKED","true","Synthetic Owner 1","2026-09-27T00:00:00.000Z","LOW"
"SYN-ACT-0094","SYN-0094","Morning","RESOLVED","false","Synthetic Owner 2","2026-09-28T00:00:00.000Z","MEDIUM"
"SYN-ACT-0095","SYN-0095","Evening","OVERDUE","true","Synthetic Owner 3","2026-09-29T00:00:00.000Z","HIGH"
"SYN-ACT-0096","SYN-0096","Night","ESCALATED","true","Synthetic Owner 4","2026-09-30T00:00:00.000Z","CRITICAL"
"SYN-ACT-0097","SYN-0097","Morning","OPEN","true","Synthetic Owner 1","2026-10-01T00:00:00.000Z","LOW"
"SYN-ACT-0098","SYN-0098","Evening","IN_PROGRESS","true","Synthetic Owner 2","2026-10-02T00:00:00.000Z","MEDIUM"
"SYN-ACT-0099","SYN-0099","Night","BLOCKED","true","Synthetic Owner 3","2026-09-26T00:00:00.000Z","HIGH"
"SYN-ACT-0100","SYN-0100","Morning","RESOLVED","false","","2026-09-27T00:00:00.000Z","CRITICAL"
"SYN-ACT-0101","SYN-0001","Evening","OVERDUE","true","Synthetic Owner 1","2026-09-28T00:00:00.000Z","LOW"
"SYN-ACT-0102","SYN-0002","Night","ESCALATED","true","Synthetic Owner 2","2026-09-29T00:00:00.000Z","MEDIUM"
"SYN-ACT-0103","SYN-0003","Morning","OPEN","true","Synthetic Owner 3","2026-09-30T00:00:00.000Z","HIGH"
"SYN-ACT-0104","SYN-0004","Evening","IN_PROGRESS","true","Synthetic Owner 4","2026-10-01T00:00:00.000Z","CRITICAL"
"SYN-ACT-0105","SYN-0005","Night","BLOCKED","true","Synthetic Owner 1","","LOW"
"SYN-ACT-0106","SYN-0006","Morning","RESOLVED","false","Synthetic Owner 2","2026-09-26T00:00:00.000Z","MEDIUM"
"SYN-ACT-0107","SYN-0007","Evening","OVERDUE","true","Synthetic Owner 3","2026-09-27T00:00:00.000Z","HIGH"
"SYN-ACT-0108","SYN-0008","Night","ESCALATED","true","Synthetic Owner 4","2026-09-28T00:00:00.000Z","CRITICAL"
"SYN-ACT-0109","SYN-0009","Morning","OPEN","true","Synthetic Owner 1","2026-09-29T00:00:00.000Z","LOW"
"SYN-ACT-0110","SYN-0010","Evening","IN_PROGRESS","true","Synthetic Owner 2","2026-09-30T00:00:00.000Z","MEDIUM"
"SYN-ACT-0111","SYN-0011","Night","BLOCKED","true","","2026-10-01T00:00:00.000Z","HIGH"
"SYN-ACT-0112","SYN-0012","Morning","RESOLVED","false","Synthetic Owner 4","2026-10-02T00:00:00.000Z","CRITICAL"
"SYN-ACT-0113","SYN-0013","Evening","OVERDUE","true","Synthetic Owner 1","2026-09-26T00:00:00.000Z","LOW"
"SYN-ACT-0114","SYN-0014","Night","ESCALATED","true","Synthetic Owner 2","2026-09-27T00:00:00.000Z","MEDIUM"
"SYN-ACT-0115","SYN-0015","Morning","OPEN","true","Synthetic Owner 3","2026-09-28T00:00:00.000Z","HIGH"
"SYN-ACT-0116","SYN-0016","Evening","IN_PROGRESS","true","Synthetic Owner 4","2026-09-29T00:00:00.000Z","CRITICAL"
"SYN-ACT-0117","SYN-0017","Night","BLOCKED","true","Synthetic Owner 1","2026-09-30T00:00:00.000Z","LOW"
"SYN-ACT-0118","SYN-0018","Morning","RESOLVED","false","Synthetic Owner 2","","MEDIUM"
"SYN-ACT-0119","SYN-0019","Evening","OVERDUE","true","Synthetic Owner 3","2026-10-02T00:00:00.000Z","HIGH"
"SYN-ACT-0120","SYN-0020","Night","ESCALATED","true","Synthetic Owner 4","2026-09-26T00:00:00.000Z","CRITICAL"
"SYN-ACT-0121","SYN-0021","Morning","OPEN","true","Synthetic Owner 1","2026-09-27T00:00:00.000Z","LOW"
"SYN-ACT-0122","SYN-0022","Evening","IN_PROGRESS","true","","2026-09-28T00:00:00.000Z","MEDIUM"
"SYN-ACT-0123","SYN-0023","Night","BLOCKED","true","Synthetic Owner 3","2026-09-29T00:00:00.000Z","HIGH"
"SYN-ACT-0124","SYN-0024","Morning","RESOLVED","false","Synthetic Owner 4","2026-09-30T00:00:00.000Z","CRITICAL"
"SYN-ACT-0125","SYN-0025","Evening","OVERDUE","true","Synthetic Owner 1","2026-10-01T00:00:00.000Z","LOW"
"SYN-ACT-0126","SYN-0026","Night","ESCALATED","true","Synthetic Owner 2","2026-10-02T00:00:00.000Z","MEDIUM"
"SYN-ACT-0127","SYN-0027","Morning","OPEN","true","Synthetic Owner 3","2026-09-26T00:00:00.000Z","HIGH"
"SYN-ACT-0128","SYN-0028","Evening","IN_PROGRESS","true","Synthetic Owner 4","2026-09-27T00:00:00.000Z","CRITICAL"
"SYN-ACT-0129","SYN-0029","Night","BLOCKED","true","Synthetic Owner 1","2026-09-28T00:00:00.000Z","LOW"
"SYN-ACT-0130","SYN-0030","Morning","RESOLVED","false","Synthetic Owner 2","2026-09-29T00:00:00.000Z","MEDIUM"
"SYN-ACT-0131","SYN-0031","Evening","OVERDUE","true","Synthetic Owner 3","","HIGH"
"SYN-ACT-0132","SYN-0032","Night","ESCALATED","true","Synthetic Owner 4","2026-10-01T00:00:00.000Z","CRITICAL"
"SYN-ACT-0133","SYN-0033","Morning","OPEN","true","","2026-10-02T00:00:00.000Z","LOW"
"SYN-ACT-0134","SYN-0034","Evening","IN_PROGRESS","true","Synthetic Owner 2","2026-09-26T00:00:00.000Z","MEDIUM"
"SYN-ACT-0135","SYN-0035","Night","BLOCKED","true","Synthetic Owner 3","2026-09-27T00:00:00.000Z","HIGH"
"SYN-ACT-0136","SYN-0036","Morning","RESOLVED","false","Synthetic Owner 4","2026-09-28T00:00:00.000Z","CRITICAL"
"SYN-ACT-0137","SYN-0037","Evening","OVERDUE","true","Synthetic Owner 1","2026-09-29T00:00:00.000Z","LOW"
"SYN-ACT-0138","SYN-0038","Night","ESCALATED","true","Synthetic Owner 2","2026-09-30T00:00:00.000Z","MEDIUM"
"SYN-ACT-0139","SYN-0039","Morning","OPEN","true","Synthetic Owner 3","2026-10-01T00:00:00.000Z","HIGH"
"SYN-ACT-0140","SYN-0040","Evening","IN_PROGRESS","true","Synthetic Owner 4","2026-10-02T00:00:00.000Z","CRITICAL"
"SYN-ACT-0141","SYN-0041","Night","BLOCKED","true","Synthetic Owner 1","2026-09-26T00:00:00.000Z","LOW"
"SYN-ACT-0142","SYN-0042","Morning","RESOLVED","false","Synthetic Owner 2","2026-09-27T00:00:00.000Z","MEDIUM"
"SYN-ACT-0143","SYN-0043","Evening","OVERDUE","true","Synthetic Owner 3","2026-09-28T00:00:00.000Z","HIGH"
"SYN-ACT-0144","SYN-0044","Night","ESCALATED","true","","","CRITICAL"
"SYN-ACT-0145","SYN-0045","Morning","OPEN","true","Synthetic Owner 1","2026-09-30T00:00:00.000Z","LOW"
"SYN-ACT-0146","SYN-0046","Evening","IN_PROGRESS","true","Synthetic Owner 2","2026-10-01T00:00:00.000Z","MEDIUM"
"SYN-ACT-0147","SYN-0047","Night","BLOCKED","true","Synthetic Owner 3","2026-10-02T00:00:00.000Z","HIGH"
"SYN-ACT-0148","SYN-0048","Morning","RESOLVED","false","Synthetic Owner 4","2026-09-26T00:00:00.000Z","CRITICAL"
"SYN-ACT-0149","SYN-0049","Evening","OVERDUE","true","Synthetic Owner 1","2026-09-27T00:00:00.000Z","LOW"
"SYN-ACT-0150","SYN-0050","Night","ESCALATED","true","Synthetic Owner 2","2026-09-28T00:00:00.000Z","MEDIUM"
"SYN-ACT-0151","SYN-0051","Morning","OPEN","true","Synthetic Owner 3","2026-09-29T00:00:00.000Z","HIGH"
"SYN-ACT-0152","SYN-0052","Evening","IN_PROGRESS","true","Synthetic Owner 4","2026-09-30T00:00:00.000Z","CRITICAL"
"SYN-ACT-0153","SYN-0053","Night","BLOCKED","true","Synthetic Owner 1","2026-10-01T00:00:00.000Z","LOW"
"SYN-ACT-0154","SYN-0054","Morning","RESOLVED","false","Synthetic Owner 2","2026-10-02T00:00:00.000Z","MEDIUM"
"SYN-ACT-0155","SYN-0055","Evening","OVERDUE","true","","2026-09-26T00:00:00.000Z","HIGH"
"SYN-ACT-0156","SYN-0056","Night","ESCALATED","true","Synthetic Owner 4","2026-09-27T00:00:00.000Z","CRITICAL"
"SYN-ACT-0157","SYN-0057","Morning","OPEN","true","Synthetic Owner 1","","LOW"
"SYN-ACT-0158","SYN-0058","Evening","IN_PROGRESS","true","Synthetic Owner 2","2026-09-29T00:00:00.000Z","MEDIUM"
"SYN-ACT-0159","SYN-0059","Night","BLOCKED","true","Synthetic Owner 3","2026-09-30T00:00:00.000Z","HIGH"
"SYN-ACT-0160","SYN-0060","Morning","RESOLVED","false","Synthetic Owner 4","2026-10-01T00:00:00.000Z","CRITICAL"
